Member_number,Date,itemDescription,Locations
1808,21-07-2015,Aveeno $1/1 produc,Santa Clara
2552,5/1/2015,Axe Body Spray Product,
2300,19-09-2015,Axe Hair Care Product,San Francisco
1187,12/12/2015,Ban $1/1 roll-on antiperspirant deodorantÿ,San Mateo
3037,1/2/2015,Barabsol $.50/1 10oz shaving cream,Sunnyvale
4941,14-02-2015,Barbasol $2/1 ultra 3 or ultra 6 plus razor,
4501,8/5/2015,Barilla $1/2 Sauce,Santa Clara
3803,23-12-2015,Bausch+Lomb $1/1,San Jose
2762,20-03-2015,Beefsteak 18 oz. breadÿ,Los Gatos
4119,12/2/2015,Best Foods $1/1 mayonnaise squeeze,
1340,24-02-2015,Axe Hair Care Product,Santa Clara
2193,14-04-2015,Barbasol $2/1 ultra 3 or ultra 6 plus razor,
1997,21-07-2015,Blue Diamond $1/1 4oz+ almonds can or bag,Palo Alto
4546,3/9/2015,Bounty/Charmin $.50/1ÿ,Sunnyvale
4736,21-07-2015,Brita $4/1 pitcher filter,Oakland
1959,30-03-2015,Cadbury/Reese's $1/3 Eggs multipacks,Calistoga
1974,3/5/2015,Cerave Baby Product $4/1,San Francisco
2421,2/9/2015,Cesar dry dog food $2/1 TARGET,
1513,3/8/2015,Chobani $1/3 5.3 oz Flip Greek Yogurt,Pleasanton
1905,7/7/2015,Claritin $2/1 children's,Redwood City
2810,8/9/2015,Clorox/Pine-Sol $1.50/2 productsÿ,San Jose
2867,12/11/2015,Coppertone lotion $3/1,Milpitas
3962,18-09-2015,Covergirl $1/1 product accessories,Santa Clara
1088,30-11-2015,Danimials $1/ Two Smoothie 6 packs,Sunnyvale
4976,17-07-2015,Dark and Lovely $2/1 haircolor or relaxer,
4056,12/6/2015,Degree Women $2/1 dry spray antiperspirant product,
3611,13-02-2015,Dinty Moore $1/2ÿ,
1420,14-01-2015,Dove Clinical Protection Deodorant Product,Saratoga
4286,8/3/2015,Dunkin Donuts $1/2 creamers,
4918,27-01-2015,Farm Rich Bakery item 9.5 oz,San Carlos
4783,22-10-2015,Fiber One $.50/2 chewy bars,
3709,26-10-2015,Indiana Kitchen Baconÿ,Redwood City
4289,8/10/2015,Irish Spring $1.00/1 bar soap multipack 6ct or largerÿ,San Francisco
1559,3/10/2015,L'Oreal $2/1 skincare product ets,Sunnyvale
2900,11/4/2015,Megared $1/1 product,San Pablo
1905,21-02-2015,"Maybelline New York $2/1 brow, shadow or liner productÿ",
3527,29-09-2015,Mitchum antiperspirant/deodorant prod,Pebble Beach
1495,9/1/2015,L'Oreal $2/1 skincare product ets,
3558,3/4/2015,Farm Rich Bakery item 9.5 oz,San Jose
3128,20-04-2015,Irish Spring $1.00/1 bar soap multipack 6ct or largerÿ,San Jose
1863,4/8/2015,Coppertone lotion $3/1,Santa Clara
3841,19-07-2015,Dunkin Donuts $1/2 creamers,San Jose
3903,6/10/2015,Farm Rich Bakery item 9.5 oz,
2658,16-10-2015,Coppertone lotion $3/1,Campbell
4272,6/6/2015,Blue Diamond $1/1 4oz+ almonds can or bag,Lotus
1120,26-09-2015,Barabsol $.50/1 10oz shaving cream,Santa Clara
2676,15-08-2015,Axe Hair Care Product,San Leandro
1697,21-05-2015,Barilla $1/2 Sauce,Tracy
2507,25-08-2015,Best Foods $1/1 mayonnaise squeeze,Milpitas
4620,11/3/2015,Best Foods $1/1 mayonnaise squeeze,Woodland
3365,1/2/2015,Dinty Moore $1/2ÿ,Pleasanton
2978,5/6/2015,Megared $1/1 product,
2910,28-07-2015,Dinty Moore $1/2ÿ,San Jose
1061,5/9/2015,Dove Clinical Protection Deodorant Product,San Jose
3276,3/4/2015,Dunkin Donuts $1/2 creamers,San Jose
1326,19-06-2015,Farm Rich Bakery item 9.5 oz,
3023,28-07-2015,Fiber One $.50/2 chewy bars,San Mateo
2185,11/10/2015,Indiana Kitchen Baconÿ,Pleasanton
3552,16-06-2015,Irish Spring $1.00/1 bar soap multipack 6ct or largerÿ,San Jose
1967,20-01-2015,L'Oreal $2/1 skincare product ets,San Jose
4708,20-03-2015,Megared $1/1 product,San Jose
2874,15-02-2015,"Maybelline New York $2/1 brow, shadow or liner productÿ",Palo Alto
4177,13-04-2015,Mitchum antiperspirant/deodorant prod,Santa Clara
1663,7/2/2015,L'Oreal $2/1 skincare product ets,Mountain View
2632,2/3/2015,Farm Rich Bakery item 9.5 oz,Las Vegas
1377,14-03-2015,Irish Spring $1.00/1 bar soap multipack 6ct or largerÿ,San Francisco
4162,22-12-2015,Coppertone lotion $3/1,Klamath Falls
2270,1/7/2015,Dunkin Donuts $1/2 creamers,
4829,3/11/2015,Farm Rich Bakery item 9.5 oz,Morgan Hill
3811,14-04-2015,Coppertone lotion $3/1,San Jose
4766,29-09-2015,Blue Diamond $1/1 4oz+ almonds can or bag,
2436,12/4/2015,Barabsol $.50/1 10oz shaving cream,
3860,5/5/2015,Axe Hair Care Product,Woodland
4875,12/5/2015,Barilla $1/2 Sauce,
1587,1/7/2015,Best Foods $1/1 mayonnaise squeeze,
4038,8/7/2015,Best Foods $1/1 mayonnaise squeeze,Palo Alto
4750,21-09-2015,Dinty Moore $1/2ÿ,San Jose
1199,10/12/2015,Megared $1/1 product,San Carlos
1603,30-09-2015,Aveeno $1/1 produc,Milpitas
3111,31-01-2015,Axe Body Spray Product,Campbell
3894,13-12-2015,Axe Hair Care Product,
1456,18-09-2015,Ban $1/1 roll-on antiperspirant deodorantÿ,San Jose
2022,4/3/2015,Barabsol $.50/1 10oz shaving cream,San Pablo
2505,30-11-2015,Barbasol $2/1 ultra 3 or ultra 6 plus razor,San Jose
4851,20-12-2015,Barilla $1/2 Sauce,Los Gatos
4293,4/8/2015,Bausch+Lomb $1/1,
2775,6/11/2015,Beefsteak 18 oz. breadÿ,San Jose
3693,18-02-2015,Best Foods $1/1 mayonnaise squeeze,San Carlos
1202,22-07-2015,Axe Hair Care Product,
3699,23-08-2015,Barbasol $2/1 ultra 3 or ultra 6 plus razor,San Jose
4152,15-04-2015,Blue Diamond $1/1 4oz+ almonds can or bag,San Jose
4155,26-01-2015,Bounty/Charmin $.50/1ÿ,Mountain View
4010,29-12-2015,Coppertone lotion $3/1,San Jose
4389,20-10-2015,Blue Diamond $1/1 4oz+ almonds can or bag,
3746,17-08-2015,Barabsol $.50/1 10oz shaving cream,San Jose
2560,17-05-2015,Axe Hair Care Product,San Francisco
1503,25-07-2015,Barilla $1/2 Sauce,San Jose
2555,23-12-2015,Best Foods $1/1 mayonnaise squeeze,Santa Clara
3645,12/12/2015,Best Foods $1/1 mayonnaise squeeze,San Francisco
3886,11/9/2015,Dinty Moore $1/2ÿ,Hollister
2932,20-03-2015,Megared $1/1 product,Pleasanton
1711,18-06-2015,Aveeno $1/1 produc,San Jose
4291,8/12/2015,Axe Body Spray Product,Livermore
1143,25-04-2015,Axe Hair Care Product,
4564,8/7/2015,Coppertone lotion $3/1,Pleasanton
3337,14-05-2015,Dunkin Donuts $1/2 creamers,San Francisco
4931,4/5/2015,Farm Rich Bakery item 9.5 oz,San Jose
2623,10/10/2015,Coppertone lotion $3/1,Pleasanton
4581,3/4/2015,Blue Diamond $1/1 4oz+ almonds can or bag,Pleasanton
2635,11/6/2015,Barabsol $.50/1 10oz shaving cream,Pleasanton
1095,30-10-2015,Axe Hair Care Product,Palo Alto
2990,23-05-2015,Barilla $1/2 Sauce,Pleasanton
2426,5/6/2015,Best Foods $1/1 mayonnaise squeeze,San Jose
4555,7/11/2015,Best Foods $1/1 mayonnaise squeeze,Fremont
3635,4/9/2015,Dinty Moore $1/2ÿ,Pacific Grove
3058,18-05-2015,Megared $1/1 product,Sausalito
4391,26-03-2015,Dinty Moore $1/2ÿ,
1306,23-06-2015,Dove Clinical Protection Deodorant Product,Klamath Falls
1024,10/8/2015,Dunkin Donuts $1/2 creamers,ANTIOCH
1295,23-07-2015,Bausch+Lomb $1/1,Santa Clara
1661,1/6/2015,Beefsteak 18 oz. breadÿ,San Francisco
4591,15-05-2015,Best Foods $1/1 mayonnaise squeeze,Palo Alto
3169,14-06-2015,Axe Hair Care Product,
3915,21-05-2015,Barbasol $2/1 ultra 3 or ultra 6 plus razor,San Jose
1127,14-01-2015,Blue Diamond $1/1 4oz+ almonds can or bag,Saratoga
4828,8/8/2015,Bounty/Charmin $.50/1ÿ,San Jose
3683,10/6/2015,Coppertone lotion $3/1,Livermore
1971,18-09-2015,Blue Diamond $1/1 4oz+ almonds can or bag,San Rafael
3014,11/11/2015,Barabsol $.50/1 10oz shaving cream,Mountain View
3779,15-09-2015,Axe Hair Care Product,San Mateo
2489,4/5/2015,Barilla $1/2 Sauce,El Cerrito
3564,27-06-2015,Best Foods $1/1 mayonnaise squeeze,Newark
4092,30-09-2015,Best Foods $1/1 mayonnaise squeeze,San Pablo
3221,13-01-2015,Dinty Moore $1/2ÿ,Concord
1279,6/9/2015,Megared $1/1 product,
2581,22-08-2015,Aveeno $1/1 produc,
2295,25-02-2015,Axe Body Spray Product,San Francisco
4760,22-02-2015,Axe Hair Care Product,San Carlos
3649,16-01-2015,Best Foods $1/1 mayonnaise squeeze,
1075,19-11-2015,Best Foods $1/1 mayonnaise squeeze,San Jose
3987,19-08-2015,Dinty Moore $1/2ÿ,Mountain View
4106,25-08-2015,Megared $1/1 product,Oceanside
4338,24-06-2015,Dinty Moore $1/2ÿ,San Jose
4166,6/11/2015,Dove Clinical Protection Deodorant Product,Salinas
1211,10/3/2015,Dunkin Donuts $1/2 creamers,Vacaville
3954,21-01-2015,Bausch+Lomb $1/1,Oakland
3928,18-07-2015,Beefsteak 18 oz. breadÿ,San Jose
3827,30-09-2015,Best Foods $1/1 mayonnaise squeeze,San Leandro
4699,8/2/2015,Axe Hair Care Product,Hollister
4747,8/6/2015,Barbasol $2/1 ultra 3 or ultra 6 plus razor,San Francisco
3028,9/6/2015,Blue Diamond $1/1 4oz+ almonds can or bag,Santa Clara
2851,16-03-2015,Bounty/Charmin $.50/1ÿ,
4417,25-02-2015,Coppertone lotion $3/1,San Francisco
3822,7/3/2015,Blue Diamond $1/1 4oz+ almonds can or bag,San Mateo
2288,31-05-2015,Barabsol $.50/1 10oz shaving cream,Sunnyvale
2184,30-06-2015,Axe Hair Care Product,
4554,27-08-2015,Barilla $1/2 Sauce,Santa Clara
3361,5/3/2015,Best Foods $1/1 mayonnaise squeeze,San Jose
2999,17-04-2015,Irish Spring $1.00/1 bar soap multipack 6ct or largerÿ,Los Gatos
2614,25-06-2015,Coppertone lotion $3/1,
4064,5/6/2015,Dunkin Donuts $1/2 creamers,Santa Clara
3567,4/10/2015,Farm Rich Bakery item 9.5 oz,
2587,7/5/2015,Coppertone lotion $3/1,Palo Alto
3783,17-06-2015,Blue Diamond $1/1 4oz+ almonds can or bag,Sunnyvale
1923,14-02-2015,Barabsol $.50/1 10oz shaving cream,Oakland
4835,19-02-2015,Axe Hair Care Product,Calistoga
1514,24-08-2015,Barilla $1/2 Sauce,San Francisco
3154,22-06-2015,Best Foods $1/1 mayonnaise squeeze,
1313,25-12-2015,Best Foods $1/1 mayonnaise squeeze,Pleasanton
2794,18-07-2015,Dinty Moore $1/2ÿ,Redwood City
2359,9/4/2015,Megared $1/1 product,San Jose
2238,9/3/2015,Dinty Moore $1/2ÿ,Milpitas
3795,17-01-2015,Dove Clinical Protection Deodorant Product,Santa Clara
3724,26-11-2015,Dunkin Donuts $1/2 creamers,Sunnyvale
1152,5/3/2015,Farm Rich Bakery item 9.5 oz,
4559,16-03-2015,Fiber One $.50/2 chewy bars,
3922,27-02-2015,Indiana Kitchen Baconÿ,
1709,22-04-2015,Irish Spring $1.00/1 bar soap multipack 6ct or largerÿ,Saratoga
2219,17-04-2015,L'Oreal $2/1 skincare product ets,
2206,17-10-2015,Megared $1/1 product,San Carlos
1752,6/4/2015,"Maybelline New York $2/1 brow, shadow or liner productÿ",
3942,10/11/2015,Mitchum antiperspirant/deodorant prod,Redwood City
3296,17-08-2015,L'Oreal $2/1 skincare product ets,San Francisco
2257,5/2/2015,Farm Rich Bakery item 9.5 oz,Sunnyvale
4313,28-07-2015,Irish Spring $1.00/1 bar soap multipack 6ct or largerÿ,San Pablo
2001,21-08-2015,Coppertone lotion $3/1,
2449,8/7/2015,Dunkin Donuts $1/2 creamers,Pebble Beach
4914,12/4/2015,Farm Rich Bakery item 9.5 oz,
2764,24-07-2015,Coppertone lotion $3/1,San Jose
4187,9/5/2015,Blue Diamond $1/1 4oz+ almonds can or bag,San Jose
1392,20-04-2015,Barabsol $.50/1 10oz shaving cream,Santa Clara
3427,28-04-2015,Axe Hair Care Product,San Jose
1411,20-02-2015,Barilla $1/2 Sauce,
3390,14-11-2015,Best Foods $1/1 mayonnaise squeeze,Campbell
4787,1/8/2015,Best Foods $1/1 mayonnaise squeeze,Lotus
3310,17-01-2015,Dinty Moore $1/2ÿ,Santa Clara
1782,10/10/2015,Megared $1/1 product,San Leandro
3375,26-04-2015,Aveeno $1/1 produc,Tracy
2760,7/1/2015,Axe Body Spray Product,Milpitas
4249,13-09-2015,Axe Hair Care Product,Woodland
2904,6/6/2015,Ban $1/1 roll-on antiperspirant deodorantÿ,Pleasanton
4090,26-02-2015,Barabsol $.50/1 10oz shaving cream,
3060,5/7/2015,Barbasol $2/1 ultra 3 or ultra 6 plus razor,San Jose
3768,7/10/2015,Barilla $1/2 Sauce,San Jose
1232,21-01-2015,Bausch+Lomb $1/1,San Jose
1360,23-10-2015,Beefsteak 18 oz. breadÿ,
1107,1/10/2015,Best Foods $1/1 mayonnaise squeeze,San Mateo
2865,4/11/2015,Axe Hair Care Product,Pleasanton
2958,14-06-2015,Barbasol $2/1 ultra 3 or ultra 6 plus razor,San Jose
2448,12/7/2015,Blue Diamond $1/1 4oz+ almonds can or bag,San Jose
1222,24-09-2015,Bounty/Charmin $.50/1ÿ,San Jose
2943,20-06-2015,Coppertone lotion $3/1,Palo Alto
2270,11/8/2015,Blue Diamond $1/1 4oz+ almonds can or bag,Santa Clara
3812,21-07-2015,Barabsol $.50/1 10oz shaving cream,Mountain View
1482,22-11-2015,Axe Hair Care Product,Las Vegas
4720,22-02-2015,Barilla $1/2 Sauce,San Francisco
1344,4/9/2015,Best Foods $1/1 mayonnaise squeeze,Klamath Falls
2397,4/10/2015,Coppertone lotion $3/1,
4182,12/5/2015,Blue Diamond $1/1 4oz+ almonds can or bag,Morgan Hill
4487,10/7/2015,Barabsol $.50/1 10oz shaving cream,San Jose
3467,24-12-2015,Axe Hair Care Product,
2443,15-11-2015,Barilla $1/2 Sauce,
2749,27-01-2015,Best Foods $1/1 mayonnaise squeeze,Woodland
4389,13-04-2015,Best Foods $1/1 mayonnaise squeeze,
1674,4/12/2015,Dinty Moore $1/2ÿ,
4262,16-10-2015,Megared $1/1 product,Palo Alto
2082,7/4/2015,Dinty Moore $1/2ÿ,San Jose
4494,6/1/2015,Dove Clinical Protection Deodorant Product,San Carlos
2460,28-09-2015,Dunkin Donuts $1/2 creamers,Milpitas
4509,29-11-2015,Bausch+Lomb $1/1,Campbell
2267,3/7/2015,Beefsteak 18 oz. breadÿ,
4891,5/9/2015,Best Foods $1/1 mayonnaise squeeze,San Jose
3962,20-09-2015,Axe Hair Care Product,San Pablo
4964,18-07-2015,Barbasol $2/1 ultra 3 or ultra 6 plus razor,San Jose
2914,30-11-2015,Blue Diamond $1/1 4oz+ almonds can or bag,Los Gatos
2808,5/5/2015,Bounty/Charmin $.50/1ÿ,
1085,15-08-2015,Coppertone lotion $3/1,San Jose
3808,18-08-2015,Blue Diamond $1/1 4oz+ almonds can or bag,San Carlos
4149,7/1/2015,Barabsol $.50/1 10oz shaving cream,
2331,5/6/2015,Axe Hair Care Product,San Jose
4475,3/4/2015,Barilla $1/2 Sauce,San Jose
2761,25-04-2015,Best Foods $1/1 mayonnaise squeeze,Mountain View
2620,14-12-2015,Best Foods $1/1 mayonnaise squeeze,San Jose
3206,13-10-2015,Dinty Moore $1/2ÿ,
1226,13-04-2015,Megared $1/1 product,San Jose
1395,7/3/2015,Aveeno $1/1 produc,San Francisco
2465,7/6/2015,Axe Body Spray Product,San Jose
3572,9/7/2015,Axe Hair Care Product,Santa Clara
4387,8/5/2015,Best Foods $1/1 mayonnaise squeeze,San Francisco
1555,27-03-2015,Best Foods $1/1 mayonnaise squeeze,Hollister
1181,16-11-2015,Dinty Moore $1/2ÿ,Pleasanton
2814,11/5/2015,Megared $1/1 product,San Jose
2794,16-09-2015,Dinty Moore $1/2ÿ,Livermore
2912,28-01-2015,Dove Clinical Protection Deodorant Product,
4667,12/1/2015,Dunkin Donuts $1/2 creamers,Pleasanton
2235,25-10-2015,Bausch+Lomb $1/1,San Francisco
2353,2/5/2015,Beefsteak 18 oz. breadÿ,San Jose
3449,8/3/2015,Best Foods $1/1 mayonnaise squeeze,Pleasanton
1058,10/11/2015,Axe Hair Care Product,Pleasanton
1027,17-05-2015,Barbasol $2/1 ultra 3 or ultra 6 plus razor,Pleasanton
3302,22-05-2015,Blue Diamond $1/1 4oz+ almonds can or bag,Palo Alto
2229,30-05-2015,Bounty/Charmin $.50/1ÿ,Pleasanton
2188,15-08-2015,Coppertone lotion $3/1,San Jose
1547,18-04-2015,Blue Diamond $1/1 4oz+ almonds can or bag,Fremont
1649,30-06-2015,Barabsol $.50/1 10oz shaving cream,Pacific Grove
3254,10/9/2015,Axe Hair Care Product,Sausalito
2818,7/11/2015,Barilla $1/2 Sauce,
2703,8/5/2015,Best Foods $1/1 mayonnaise squeeze,Klamath Falls
3332,31-01-2015,Irish Spring $1.00/1 bar soap multipack 6ct or largerÿ,ANTIOCH
2473,1/7/2015,Coppertone lotion $3/1,Santa Clara
2810,30-12-2015,Dunkin Donuts $1/2 creamers,San Francisco
1033,22-04-2015,Farm Rich Bakery item 9.5 oz,Palo Alto
4222,27-05-2015,Coppertone lotion $3/1,
3679,21-09-2015,Blue Diamond $1/1 4oz+ almonds can or bag,San Jose
2212,27-08-2015,Barabsol $.50/1 10oz shaving cream,Saratoga
1507,22-06-2015,Axe Hair Care Product,San Jose
2870,21-01-2015,Barilla $1/2 Sauce,Livermore
3429,26-04-2015,Best Foods $1/1 mayonnaise squeeze,San Rafael
4148,9/4/2015,Best Foods $1/1 mayonnaise squeeze,Mountain View
2970,30-12-2015,Dinty Moore $1/2ÿ,San Mateo
2013,30-08-2015,Megared $1/1 product,El Cerrito
3967,30-05-2015,Dinty Moore $1/2ÿ,Newark
2885,15-05-2015,Dove Clinical Protection Deodorant Product,San Pablo
3935,2/7/2015,Dunkin Donuts $1/2 creamers,Concord
3283,1/5/2015,Farm Rich Bakery item 9.5 oz,
3268,6/11/2015,Fiber One $.50/2 chewy bars,
3677,30-04-2015,Indiana Kitchen Baconÿ,San Francisco
3495,27-06-2015,Irish Spring $1.00/1 bar soap multipack 6ct or largerÿ,San Carlos
1410,4/10/2015,L'Oreal $2/1 skincare product ets,
2440,6/6/2015,Megared $1/1 product,San Jose
4088,13-01-2015,"Maybelline New York $2/1 brow, shadow or liner productÿ",Mountain View
2469,23-09-2015,Mitchum antiperspirant/deodorant prod,Oceanside
4229,6/3/2015,L'Oreal $2/1 skincare product ets,San Jose
2728,2/8/2015,Farm Rich Bakery item 9.5 oz,Salinas
4694,25-01-2015,Irish Spring $1.00/1 bar soap multipack 6ct or largerÿ,Vacaville
2836,29-12-2015,Coppertone lotion $3/1,Oakland
1311,12/2/2015,Dunkin Donuts $1/2 creamers,San Jose
1760,23-01-2015,Farm Rich Bakery item 9.5 oz,San Leandro
3656,2/3/2015,Coppertone lotion $3/1,Hollister
3720,28-05-2015,Blue Diamond $1/1 4oz+ almonds can or bag,San Francisco
2996,26-09-2015,Barabsol $.50/1 10oz shaving cream,Santa Clara
1949,22-07-2015,Axe Hair Care Product,
4498,11/2/2015,Barilla $1/2 Sauce,San Francisco
2447,28-12-2015,Best Foods $1/1 mayonnaise squeeze,San Mateo
1952,23-03-2015,Best Foods $1/1 mayonnaise squeeze,Sunnyvale
4099,27-01-2015,Dinty Moore $1/2ÿ,
1804,12/3/2015,Megared $1/1 product,Santa Clara
1510,16-05-2015,Aveeno $1/1 produc,San Jose
2879,18-04-2015,Axe Body Spray Product,Los Gatos
4899,12/3/2015,Axe Hair Care Product,
4326,29-09-2015,Ban $1/1 roll-on antiperspirant deodorantÿ,Santa Clara
1670,17-05-2015,Barabsol $.50/1 10oz shaving cream,
1117,24-05-2015,Barbasol $2/1 ultra 3 or ultra 6 plus razor,Palo Alto
1346,3/4/2015,Barilla $1/2 Sauce,Sunnyvale
1178,15-11-2015,Bausch+Lomb $1/1,Oakland
1649,25-06-2015,Beefsteak 18 oz. breadÿ,Calistoga
4651,21-06-2015,Best Foods $1/1 mayonnaise squeeze,San Francisco
4243,2/4/2015,Axe Hair Care Product,
4429,21-07-2015,Barbasol $2/1 ultra 3 or ultra 6 plus razor,Pleasanton
4645,25-07-2015,Blue Diamond $1/1 4oz+ almonds can or bag,Redwood City
4019,24-07-2015,Bounty/Charmin $.50/1ÿ,San Jose
4459,26-04-2015,Coppertone lotion $3/1,Milpitas
3006,27-12-2015,Blue Diamond $1/1 4oz+ almonds can or bag,Santa Clara
1834,17-09-2015,Barabsol $.50/1 10oz shaving cream,Sunnyvale
3236,4/7/2015,Axe Hair Care Product,
1765,11/3/2015,Barabsol $.50/1 10oz shaving cream,
3855,9/3/2015,Barbasol $2/1 ultra 3 or ultra 6 plus razor,
4392,28-11-2015,Barilla $1/2 Sauce,Saratoga
3330,26-07-2015,Bausch+Lomb $1/1,
1723,2/9/2015,Beefsteak 18 oz. breadÿ,San Carlos
4110,30-03-2015,Best Foods $1/1 mayonnaise squeeze,
2600,28-01-2015,Axe Hair Care Product,Redwood City
2946,7/10/2015,Barbasol $2/1 ultra 3 or ultra 6 plus razor,San Francisco
2426,8/9/2015,Blue Diamond $1/1 4oz+ almonds can or bag,Sunnyvale
4170,3/5/2015,Bounty/Charmin $.50/1ÿ,San Pablo
1109,6/4/2015,Coppertone lotion $3/1,
3429,4/1/2015,Blue Diamond $1/1 4oz+ almonds can or bag,Pebble Beach
2055,4/2/2015,Barabsol $.50/1 10oz shaving cream,
2480,20-09-2015,Axe Hair Care Product,San Jose
2441,30-05-2015,Barilla $1/2 Sauce,San Jose
1054,4/10/2015,Best Foods $1/1 mayonnaise squeeze,Santa Clara
4818,11/1/2015,Best Foods $1/1 mayonnaise squeeze,San Jose
3379,21-01-2015,Dinty Moore $1/2ÿ,
3939,10/2/2015,Megared $1/1 product,Campbell
1367,5/8/2015,Aveeno $1/1 produc,Lotus
1043,10/1/2015,Axe Body Spray Product,Santa Clara
2231,17-10-2015,Axe Hair Care Product,San Leandro
3235,28-12-2015,Coppertone lotion $3/1,Tracy
4554,16-07-2015,Dunkin Donuts $1/2 creamers,Milpitas
3245,24-01-2015,Farm Rich Bakery item 9.5 oz,Woodland
2996,19-05-2015,Coppertone lotion $3/1,Pleasanton
2507,5/1/2015,Blue Diamond $1/1 4oz+ almonds can or bag,
4186,25-10-2015,Farm Rich Bakery item 9.5 oz,San Jose
3929,28-04-2015,Coppertone lotion $3/1,San Jose
3760,22-11-2015,Blue Diamond $1/1 4oz+ almonds can or bag,San Jose
4928,18-08-2015,Barabsol $.50/1 10oz shaving cream,
4217,18-12-2015,Axe Hair Care Product,San Mateo
1174,11/2/2015,Barilla $1/2 Sauce,Pleasanton
4103,19-06-2015,Best Foods $1/1 mayonnaise squeeze,San Jose
4408,13-03-2015,Best Foods $1/1 mayonnaise squeeze,San Jose
2588,28-12-2015,Dinty Moore $1/2ÿ,San Jose
2598,11/11/2015,Megared $1/1 product,Palo Alto
1518,11/12/2015,Dinty Moore $1/2ÿ,Santa Clara
2702,8/4/2015,Dove Clinical Protection Deodorant Product,Mountain View
1001,20-01-2015,Dunkin Donuts $1/2 creamers,Las Vegas
2270,30-09-2015,Farm Rich Bakery item 9.5 oz,San Francisco
2838,10/11/2015,Fiber One $.50/2 chewy bars,Klamath Falls
1683,26-05-2015,Indiana Kitchen Baconÿ,
4040,3/4/2015,Irish Spring $1.00/1 bar soap multipack 6ct or largerÿ,Morgan Hill
3897,23-08-2015,L'Oreal $2/1 skincare product ets,San Jose
2200,11/3/2015,Megared $1/1 product,
4073,29-01-2015,"Maybelline New York $2/1 brow, shadow or liner productÿ",
3700,19-04-2015,Mitchum antiperspirant/deodorant prod,Woodland
3973,10/6/2015,L'Oreal $2/1 skincare product ets,
2715,6/7/2015,Farm Rich Bakery item 9.5 oz,
3967,23-11-2015,Irish Spring $1.00/1 bar soap multipack 6ct or largerÿ,Palo Alto
4002,3/9/2015,Coppertone lotion $3/1,San Jose
2962,1/3/2015,Dunkin Donuts $1/2 creamers,San Carlos
4340,25-12-2015,Farm Rich Bakery item 9.5 oz,Milpitas
2092,6/11/2015,Coppertone lotion $3/1,Campbell
3143,24-05-2015,Dunkin Donuts $1/2 creamers,
2209,3/10/2015,Farm Rich Bakery item 9.5 oz,San Jose
2816,22-08-2015,Coppertone lotion $3/1,San Pablo
2659,1/6/2015,Blue Diamond $1/1 4oz+ almonds can or bag,San Jose
1588,13-10-2015,Barabsol $.50/1 10oz shaving cream,Los Gatos
1144,15-10-2015,Axe Hair Care Product,
2166,10/12/2015,Barilla $1/2 Sauce,San Jose
3300,6/10/2015,Best Foods $1/1 mayonnaise squeeze,San Carlos
3944,3/1/2015,Best Foods $1/1 mayonnaise squeeze,
4979,24-04-2015,Dinty Moore $1/2ÿ,San Jose
2630,21-01-2015,Megared $1/1 product,San Jose
4240,29-04-2015,Dinty Moore $1/2ÿ,Mountain View
2357,8/7/2015,Dove Clinical Protection Deodorant Product,San Jose
1743,18-04-2015,Dunkin Donuts $1/2 creamers,
2331,15-02-2015,Farm Rich Bakery item 9.5 oz,San Jose
1643,28-04-2015,Fiber One $.50/2 chewy bars,San Francisco
1291,20-03-2015,Indiana Kitchen Baconÿ,San Jose
3675,4/7/2015,Irish Spring $1.00/1 bar soap multipack 6ct or largerÿ,Santa Clara
4134,6/11/2015,Barabsol $.50/1 10oz shaving cream,San Francisco
1363,21-06-2015,Barbasol $2/1 ultra 3 or ultra 6 plus razor,Hollister
4212,1/5/2015,Barilla $1/2 Sauce,Pleasanton
1500,21-03-2015,Bausch+Lomb $1/1,San Jose
2622,1/10/2015,Beefsteak 18 oz. breadÿ,Livermore
3543,18-03-2015,Best Foods $1/1 mayonnaise squeeze,
2525,24-05-2015,Axe Hair Care Product,Pleasanton
1264,12/10/2015,Barbasol $2/1 ultra 3 or ultra 6 plus razor,San Francisco
3601,6/7/2015,Blue Diamond $1/1 4oz+ almonds can or bag,San Jose
1771,23-03-2015,Bounty/Charmin $.50/1ÿ,Pleasanton
4694,6/2/2015,Coppertone lotion $3/1,Pleasanton
1122,21-12-2015,Blue Diamond $1/1 4oz+ almonds can or bag,Pleasanton
3507,12/8/2015,Barabsol $.50/1 10oz shaving cream,Palo Alto
4524,26-04-2015,Axe Hair Care Product,Pleasanton
3612,27-09-2015,Barilla $1/2 Sauce,San Jose
3262,11/6/2015,Best Foods $1/1 mayonnaise squeeze,Fremont
1897,25-01-2015,Best Foods $1/1 mayonnaise squeeze,Pacific Grove
1656,30-10-2015,Dinty Moore $1/2ÿ,Sausalito
3953,10/1/2015,Megared $1/1 product,
1488,21-06-2015,Aveeno $1/1 produc,Klamath Falls
1652,17-03-2015,Axe Body Spray Product,ANTIOCH
4953,16-09-2015,Axe Hair Care Product,Santa Clara
3445,30-04-2015,Best Foods $1/1 mayonnaise squeeze,San Francisco
3180,15-03-2015,Best Foods $1/1 mayonnaise squeeze,Palo Alto
4934,6/9/2015,Dinty Moore $1/2ÿ,
2980,27-04-2015,Megared $1/1 product,San Jose
2763,13-02-2015,Dinty Moore $1/2ÿ,Saratoga
4819,4/3/2015,Dove Clinical Protection Deodorant Product,San Jose
3169,2/7/2015,Dunkin Donuts $1/2 creamers,Livermore
1850,11/3/2015,Bausch+Lomb $1/1,San Rafael
4285,29-12-2015,Beefsteak 18 oz. breadÿ,Mountain View
4366,13-08-2015,Best Foods $1/1 mayonnaise squeeze,San Mateo
2253,16-06-2015,Axe Hair Care Product,El Cerrito
3398,11/3/2015,Barbasol $2/1 ultra 3 or ultra 6 plus razor,Newark
2215,22-07-2015,Blue Diamond $1/1 4oz+ almonds can or bag,San Pablo
3737,3/3/2015,Bounty/Charmin $.50/1ÿ,Concord
2649,28-11-2015,Coppertone lotion $3/1,
3203,7/8/2015,Blue Diamond $1/1 4oz+ almonds can or bag,
4261,16-02-2015,Barabsol $.50/1 10oz shaving cream,San Francisco
2435,17-07-2015,Axe Hair Care Product,San Carlos
2046,21-08-2015,Barilla $1/2 Sauce,
4267,11/2/2015,Best Foods $1/1 mayonnaise squeeze,San Jose
1086,28-12-2015,Irish Spring $1.00/1 bar soap multipack 6ct or largerÿ,Mountain View
1992,4/1/2015,Coppertone lotion $3/1,Oceanside
3622,26-07-2015,Dunkin Donuts $1/2 creamers,San Jose
4700,27-06-2015,Farm Rich Bakery item 9.5 oz,Salinas
2272,16-05-2015,Coppertone lotion $3/1,Vacaville
1663,19-05-2015,Blue Diamond $1/1 4oz+ almonds can or bag,Oakland
2519,3/6/2015,Barabsol $.50/1 10oz shaving cream,San Jose
2639,30-10-2015,Axe Hair Care Product,San Leandro
1466,19-04-2015,Barilla $1/2 Sauce,Hollister
4122,23-10-2015,Best Foods $1/1 mayonnaise squeeze,San Francisco
3598,15-04-2015,Best Foods $1/1 mayonnaise squeeze,Santa Clara
3097,10/8/2015,Dinty Moore $1/2ÿ,
1873,19-09-2015,Megared $1/1 product,San Francisco
1537,1/2/2015,Dinty Moore $1/2ÿ,San Mateo
3960,25-03-2015,Dove Clinical Protection Deodorant Product,Sunnyvale
1136,15-06-2015,Dunkin Donuts $1/2 creamers,
2453,21-12-2015,Farm Rich Bakery item 9.5 oz,Santa Clara
1746,15-02-2015,Fiber One $.50/2 chewy bars,San Jose
3572,9/6/2015,Indiana Kitchen Baconÿ,Los Gatos
3246,24-06-2015,Irish Spring $1.00/1 bar soap multipack 6ct or largerÿ,
3207,26-11-2015,L'Oreal $2/1 skincare product ets,Santa Clara
1042,12/2/2015,Megared $1/1 product,
1176,30-03-2015,"Maybelline New York $2/1 brow, shadow or liner productÿ",Palo Alto
3054,23-02-2015,Mitchum antiperspirant/deodorant prod,Sunnyvale
4486,2/12/2015,L'Oreal $2/1 skincare product ets,Oakland
1580,5/12/2015,Farm Rich Bakery item 9.5 oz,Calistoga
1623,2/11/2015,Irish Spring $1.00/1 bar soap multipack 6ct or largerÿ,San Francisco
4169,24-11-2015,Coppertone lotion $3/1,
2254,24-01-2015,Dunkin Donuts $1/2 creamers,Pleasanton
4095,1/11/2015,Farm Rich Bakery item 9.5 oz,Redwood City
1264,17-11-2015,Coppertone lotion $3/1,San Jose
3375,6/1/2015,Blue Diamond $1/1 4oz+ almonds can or bag,Milpitas
3242,23-05-2015,Barabsol $.50/1 10oz shaving cream,Santa Clara
2227,7/6/2015,Axe Hair Care Product,Sunnyvale
3847,3/12/2015,Barilla $1/2 Sauce,
3897,31-05-2015,Best Foods $1/1 mayonnaise squeeze,
1799,27-09-2015,Best Foods $1/1 mayonnaise squeeze,
2920,26-04-2015,Dinty Moore $1/2ÿ,Saratoga
3713,31-01-2015,Megared $1/1 product,
4230,5/11/2015,Aveeno $1/1 produc,San Carlos
1455,18-03-2015,Axe Body Spray Product,
3687,18-03-2015,Axe Hair Care Product,Redwood City
3869,1/8/2015,Ban $1/1 roll-on antiperspirant deodorantÿ,San Francisco
2988,14-10-2015,Barabsol $.50/1 10oz shaving cream,Sunnyvale
4242,30-03-2015,Barbasol $2/1 ultra 3 or ultra 6 plus razor,San Pablo
4118,24-12-2015,Barilla $1/2 Sauce,
4996,24-10-2015,Bausch+Lomb $1/1,Pebble Beach
4489,4/3/2015,Beefsteak 18 oz. breadÿ,
1199,9/11/2015,Best Foods $1/1 mayonnaise squeeze,San Jose
4108,12/5/2015,Axe Hair Care Product,San Jose
3484,5/6/2015,Barbasol $2/1 ultra 3 or ultra 6 plus razor,Santa Clara
1239,31-08-2015,Blue Diamond $1/1 4oz+ almonds can or bag,San Jose
4839,19-12-2015,Bounty/Charmin $.50/1ÿ,
4748,7/5/2015,Coppertone lotion $3/1,Campbell
4426,6/6/2015,Blue Diamond $1/1 4oz+ almonds can or bag,Lotus
3571,11/12/2015,Barabsol $.50/1 10oz shaving cream,Santa Clara
2852,8/6/2015,Axe Hair Care Product,San Leandro
3638,26-05-2015,Barabsol $.50/1 10oz shaving cream,Tracy
3635,10/3/2015,Barbasol $2/1 ultra 3 or ultra 6 plus razor,Milpitas
2723,7/5/2015,Barilla $1/2 Sauce,Woodland
3495,11/3/2015,Bausch+Lomb $1/1,Pleasanton
2813,16-11-2015,Beefsteak 18 oz. breadÿ,
2799,2/9/2015,Best Foods $1/1 mayonnaise squeeze,San Jose
4723,22-05-2015,Axe Hair Care Product,San Jose
3313,8/4/2015,Barbasol $2/1 ultra 3 or ultra 6 plus razor,San Jose
4748,15-12-2015,Blue Diamond $1/1 4oz+ almonds can or bag,
2991,16-02-2015,Bounty/Charmin $.50/1ÿ,San Mateo
1483,1/4/2015,Coppertone lotion $3/1,Pleasanton
3950,1/10/2015,Blue Diamond $1/1 4oz+ almonds can or bag,San Jose
1634,16-01-2015,Barabsol $.50/1 10oz shaving cream,San Jose
2694,21-11-2015,Axe Hair Care Product,San Jose
2707,18-10-2015,Barilla $1/2 Sauce,Palo Alto
2813,16-07-2015,Best Foods $1/1 mayonnaise squeeze,Santa Clara
2276,11/1/2015,Best Foods $1/1 mayonnaise squeeze,Mountain View
4726,6/2/2015,Dinty Moore $1/2ÿ,Las Vegas
4353,25-05-2015,Megared $1/1 product,San Francisco
4017,13-08-2015,Aveeno $1/1 produc,Klamath Falls
1422,21-08-2015,Axe Body Spray Product,
2714,15-03-2015,Axe Hair Care Product,Morgan Hill
2769,21-07-2015,Coppertone lotion $3/1,San Jose
4166,30-04-2015,Dunkin Donuts $1/2 creamers,
3614,2/3/2015,Farm Rich Bakery item 9.5 oz,
4361,5/9/2015,Coppertone lotion $3/1,Woodland
1922,22-09-2015,Blue Diamond $1/1 4oz+ almonds can or bag,
4728,6/9/2015,Farm Rich Bakery item 9.5 oz,
3646,8/8/2015,Coppertone lotion $3/1,Palo Alto
1155,10/8/2015,Blue Diamond $1/1 4oz+ almonds can or bag,San Jose
2119,11/6/2015,Barabsol $.50/1 10oz shaving cream,San Carlos
1602,29-08-2015,Axe Hair Care Product,Milpitas
1074,24-06-2015,Barilla $1/2 Sauce,Campbell
2256,11/4/2015,Best Foods $1/1 mayonnaise squeeze,
1348,17-09-2015,Best Foods $1/1 mayonnaise squeeze,San Jose
3806,28-08-2015,Dinty Moore $1/2ÿ,San Pablo
1711,6/6/2015,Megared $1/1 product,San Jose
3959,12/4/2015,Dinty Moore $1/2ÿ,Los Gatos
1590,15-08-2015,Dove Clinical Protection Deodorant Product,
1962,8/6/2015,Dunkin Donuts $1/2 creamers,San Jose
1766,21-01-2015,Farm Rich Bakery item 9.5 oz,San Carlos
2551,21-10-2015,Fiber One $.50/2 chewy bars,
2294,23-09-2015,Indiana Kitchen Baconÿ,San Jose
4531,29-05-2015,Irish Spring $1.00/1 bar soap multipack 6ct or largerÿ,San Jose
2957,12/4/2015,L'Oreal $2/1 skincare product ets,Mountain View
4415,27-01-2015,Megared $1/1 product,San Jose
1476,26-08-2015,"Maybelline New York $2/1 brow, shadow or liner productÿ",
3978,23-07-2015,Mitchum antiperspirant/deodorant prod,San Jose
2062,22-09-2015,L'Oreal $2/1 skincare product ets,San Francisco
3252,28-06-2015,Farm Rich Bakery item 9.5 oz,San Jose
3922,24-06-2015,Irish Spring $1.00/1 bar soap multipack 6ct or largerÿ,Santa Clara
1491,17-10-2015,Coppertone lotion $3/1,San Francisco
3526,26-08-2015,Dunkin Donuts $1/2 creamers,Hollister
4060,11/12/2015,Farm Rich Bakery item 9.5 oz,Pleasanton
1067,8/4/2015,Coppertone lotion $3/1,San Jose
2840,27-01-2015,Dunkin Donuts $1/2 creamers,Livermore
4484,27-11-2015,Farm Rich Bakery item 9.5 oz,
2353,7/2/2015,Coppertone lotion $3/1,Pleasanton
3130,18-02-2015,Blue Diamond $1/1 4oz+ almonds can or bag,San Francisco
4273,14-06-2015,Barabsol $.50/1 10oz shaving cream,San Jose
4565,30-12-2015,Axe Hair Care Product,Pleasanton
2504,14-08-2015,Barilla $1/2 Sauce,Pleasanton
4127,23-10-2015,Best Foods $1/1 mayonnaise squeeze,Pleasanton
2690,1/4/2015,Best Foods $1/1 mayonnaise squeeze,Palo Alto
4129,22-09-2015,Dinty Moore $1/2ÿ,Pleasanton
4511,29-06-2015,Megared $1/1 product,San Jose
1602,4/8/2015,Dinty Moore $1/2ÿ,Fremont
4369,1/2/2015,Dove Clinical Protection Deodorant Product,Pacific Grove
1302,29-09-2015,Dunkin Donuts $1/2 creamers,Sausalito
3326,30-04-2015,Blue Diamond $1/1 4oz+ almonds can or bag,
2066,21-05-2015,Barabsol $.50/1 10oz shaving cream,Klamath Falls
3483,15-01-2015,Axe Hair Care Product,ANTIOCH
2840,12/2/2015,Barabsol $.50/1 10oz shaving cream,Santa Clara
1807,18-05-2015,Barbasol $2/1 ultra 3 or ultra 6 plus razor,San Francisco
2067,12/8/2015,Barilla $1/2 Sauce,Palo Alto
3783,17-02-2015,Bausch+Lomb $1/1,
2884,4/1/2015,Beefsteak 18 oz. breadÿ,San Jose
2908,15-03-2015,Best Foods $1/1 mayonnaise squeeze,Saratoga
1330,10/7/2015,Axe Hair Care Product,San Jose
2293,8/5/2015,Barbasol $2/1 ultra 3 or ultra 6 plus razor,Livermore
3718,20-05-2015,Blue Diamond $1/1 4oz+ almonds can or bag,San Rafael
4338,25-01-2015,Bounty/Charmin $.50/1ÿ,Mountain View
3486,8/11/2015,Barilla $1/2 Sauce,San Mateo
3635,4/9/2015,Best Foods $1/1 mayonnaise squeeze,El Cerrito
2857,18-02-2015,Best Foods $1/1 mayonnaise squeeze,Newark
3684,13-08-2015,Dinty Moore $1/2ÿ,San Pablo
3120,20-10-2015,Megared $1/1 product,Concord
3872,19-03-2015,Dinty Moore $1/2ÿ,
2777,7/4/2015,Dove Clinical Protection Deodorant Product,
2702,27-05-2015,Dunkin Donuts $1/2 creamers,San Francisco
4796,29-06-2015,Blue Diamond $1/1 4oz+ almonds can or bag,San Carlos
1564,23-10-2015,Barabsol $.50/1 10oz shaving cream,
2740,2/7/2015,Axe Hair Care Product,San Jose
1833,13-04-2015,Barabsol $.50/1 10oz shaving cream,Mountain View
1757,23-12-2015,Barbasol $2/1 ultra 3 or ultra 6 plus razor,Oceanside
2975,24-10-2015,Barilla $1/2 Sauce,San Jose
4032,10/8/2015,Bausch+Lomb $1/1,Salinas
3979,16-09-2015,Beefsteak 18 oz. breadÿ,Vacaville
3772,9/3/2015,Best Foods $1/1 mayonnaise squeeze,Oakland
4523,28-10-2015,Aveeno $1/1 produc,San Jose
4004,19-04-2015,Axe Body Spray Product,San Leandro
2936,8/6/2015,Axe Hair Care Product,Hollister
2394,21-06-2015,Ban $1/1 roll-on antiperspirant deodorantÿ,San Francisco
4616,16-08-2015,Barabsol $.50/1 10oz shaving cream,Santa Clara
2362,8/7/2015,Barbasol $2/1 ultra 3 or ultra 6 plus razor,
3593,3/11/2015,Barilla $1/2 Sauce,San Francisco
4389,27-08-2015,Bausch+Lomb $1/1,San Mateo
3206,11/8/2015,Beefsteak 18 oz. breadÿ,Sunnyvale
4601,4/1/2015,Best Foods $1/1 mayonnaise squeeze,
4382,13-11-2015,Axe Hair Care Product,Santa Clara
2718,8/6/2015,Barbasol $2/1 ultra 3 or ultra 6 plus razor,San Jose
4691,12/10/2015,Blue Diamond $1/1 4oz+ almonds can or bag,Los Gatos
3735,28-11-2015,Bounty/Charmin $.50/1ÿ,
3900,20-12-2015,Brita $4/1 pitcher filter,Santa Clara
4959,30-06-2015,Cadbury/Reese's $1/3 Eggs multipacks,
1815,30-08-2015,Cerave Baby Product $4/1,Palo Alto
2454,8/4/2015,Cesar dry dog food $2/1 TARGET,Sunnyvale
4778,15-01-2015,Chobani $1/3 5.3 oz Flip Greek Yogurt,Oakland
2289,4/11/2015,Claritin $2/1 children's,Calistoga
1734,13-07-2015,Clorox/Pine-Sol $1.50/2 productsÿ,San Francisco
4019,5/2/2015,Coppertone lotion $3/1,
4605,28-05-2015,Covergirl $1/1 product accessories,Pleasanton
4864,14-11-2015,Danimials $1/ Two Smoothie 6 packs,Redwood City
4205,22-02-2015,Dark and Lovely $2/1 haircolor or relaxer,San Jose
1862,3/8/2015,Degree Women $2/1 dry spray antiperspirant product,Milpitas
1846,19-07-2015,Dinty Moore $1/2ÿ,Santa Clara
2019,28-05-2015,Dove Clinical Protection Deodorant Product,Sunnyvale
2042,19-11-2015,Dunkin Donuts $1/2 creamers,
1768,26-05-2015,Farm Rich Bakery item 9.5 oz,
3847,26-03-2015,Fiber One $.50/2 chewy bars,
3557,20-07-2015,Indiana Kitchen Baconÿ,Saratoga
3975,27-02-2015,Irish Spring $1.00/1 bar soap multipack 6ct or largerÿ,
4198,18-03-2015,L'Oreal $2/1 skincare product ets,San Carlos
2580,4/9/2015,Megared $1/1 product,
3474,25-08-2015,"Maybelline New York $2/1 brow, shadow or liner productÿ",Redwood City
1678,14-11-2015,Mitchum antiperspirant/deodorant prod,San Francisco
4254,14-08-2015,L'Oreal $2/1 skincare product ets,Sunnyvale
4704,21-08-2015,Farm Rich Bakery item 9.5 oz,San Pablo
3343,10/5/2015,Irish Spring $1.00/1 bar soap multipack 6ct or largerÿ,
3812,24-06-2015,Coppertone lotion $3/1,Pebble Beach
3093,13-03-2015,Dunkin Donuts $1/2 creamers,
2170,18-06-2015,Farm Rich Bakery item 9.5 oz,San Jose
4867,29-10-2015,Coppertone lotion $3/1,San Jose
3899,23-03-2015,Blue Diamond $1/1 4oz+ almonds can or bag,Santa Clara
2941,3/10/2015,Barabsol $.50/1 10oz shaving cream,San Jose
1958,3/7/2015,Axe Hair Care Product,
2760,8/8/2015,Barilla $1/2 Sauce,Campbell
4413,3/8/2015,Best Foods $1/1 mayonnaise squeeze,Lotus
1737,15-05-2015,Best Foods $1/1 mayonnaise squeeze,Santa Clara
4202,18-02-2015,Dinty Moore $1/2ÿ,San Leandro
1065,13-11-2015,Megared $1/1 product,Tracy
3819,28-06-2015,Dinty Moore $1/2ÿ,Milpitas
2854,8/2/2015,Dove Clinical Protection Deodorant Product,Woodland
4387,16-09-2015,Dunkin Donuts $1/2 creamers,Pleasanton
4530,12/4/2015,Farm Rich Bakery item 9.5 oz,
4191,3/11/2015,Fiber One $.50/2 chewy bars,San Jose
3102,4/12/2015,Indiana Kitchen Baconÿ,San Jose
1946,25-01-2015,Irish Spring $1.00/1 bar soap multipack 6ct or largerÿ,San Jose
2156,15-05-2015,L'Oreal $2/1 skincare product ets,
1444,16-12-2015,Megared $1/1 product,San Mateo
1699,14-05-2015,"Maybelline New York $2/1 brow, shadow or liner productÿ",Pleasanton
4954,4/5/2015,Mitchum antiperspirant/deodorant prod,San Jose
2207,8/4/2015,L'Oreal $2/1 skincare product ets,San Jose
4826,28-01-2015,Farm Rich Bakery item 9.5 oz,San Jose
2374,8/6/2015,Irish Spring $1.00/1 bar soap multipack 6ct or largerÿ,Palo Alto
1604,18-08-2015,Coppertone lotion $3/1,Santa Clara
4437,29-11-2015,Dunkin Donuts $1/2 creamers,Mountain View
2319,10/5/2015,Farm Rich Bakery item 9.5 oz,Las Vegas
3018,27-06-2015,Coppertone lotion $3/1,San Francisco
1195,28-09-2015,Blue Diamond $1/1 4oz+ almonds can or bag,Klamath Falls
1768,4/9/2015,Barabsol $.50/1 10oz shaving cream,
3017,28-09-2015,Axe Hair Care Product,Morgan Hill
3384,29-11-2015,Barilla $1/2 Sauce,San Jose
1918,30-01-2015,Best Foods $1/1 mayonnaise squeeze,
2524,17-10-2015,Best Foods $1/1 mayonnaise squeeze,
2798,17-06-2015,Dinty Moore $1/2ÿ,Woodland
2096,25-01-2015,Megared $1/1 product,
1489,13-03-2015,Aveeno $1/1 produc,
1431,20-07-2015,Axe Body Spray Product,Palo Alto
2747,5/7/2015,Axe Hair Care Product,San Jose
3054,22-03-2015,Ban $1/1 roll-on antiperspirant deodorantÿ,San Carlos
2691,9/10/2015,Barabsol $.50/1 10oz shaving cream,Milpitas
1752,19-04-2015,Barbasol $2/1 ultra 3 or ultra 6 plus razor,Campbell
3027,15-09-2015,Barilla $1/2 Sauce,
4452,17-06-2015,Bausch+Lomb $1/1,San Jose
4129,13-08-2015,Beefsteak 18 oz. breadÿ,San Pablo
3523,9/11/2015,Best Foods $1/1 mayonnaise squeeze,San Jose
2128,11/2/2015,Axe Hair Care Product,Los Gatos
4867,3/2/2015,Barbasol $2/1 ultra 3 or ultra 6 plus razor,
4762,30-10-2015,Blue Diamond $1/1 4oz+ almonds can or bag,San Jose
1632,29-05-2015,Bounty/Charmin $.50/1ÿ,San Carlos
4018,17-11-2015,Coppertone lotion $3/1,
1722,13-07-2015,Blue Diamond $1/1 4oz+ almonds can or bag,San Jose
1438,19-10-2015,Barabsol $.50/1 10oz shaving cream,San Jose
3958,27-10-2015,Axe Hair Care Product,Mountain View
3292,13-09-2015,Barilla $1/2 Sauce,San Jose
2861,23-02-2015,Best Foods $1/1 mayonnaise squeeze,
1757,24-02-2015,Best Foods $1/1 mayonnaise squeeze,San Jose
1509,30-12-2015,Dinty Moore $1/2ÿ,San Francisco
2364,11/5/2015,Megared $1/1 product,San Jose
3084,26-10-2015,Aveeno $1/1 produc,Santa Clara
1850,17-02-2015,Axe Body Spray Product,San Francisco
1949,17-03-2015,Axe Hair Care Product,Hollister
4740,2/10/2015,Coppertone lotion $3/1,Pleasanton
1072,23-10-2015,Dunkin Donuts $1/2 creamers,San Jose
4196,9/7/2015,Farm Rich Bakery item 9.5 oz,Livermore
4814,13-09-2015,Coppertone lotion $3/1,
1514,28-02-2015,Blue Diamond $1/1 4oz+ almonds can or bag,Pleasanton
4584,25-10-2015,Barabsol $.50/1 10oz shaving cream,San Francisco
2751,3/2/2015,Axe Hair Care Product,San Jose
4155,24-09-2015,Barilla $1/2 Sauce,Pleasanton
4670,11/10/2015,Best Foods $1/1 mayonnaise squeeze,Pleasanton
4566,27-07-2015,Best Foods $1/1 mayonnaise squeeze,Pleasanton
2371,30-08-2015,Dinty Moore $1/2ÿ,Palo Alto
3442,14-11-2015,Megared $1/1 product,Pleasanton
3090,27-09-2015,Dinty Moore $1/2ÿ,San Jose
1457,9/1/2015,Dove Clinical Protection Deodorant Product,Fremont
4952,8/4/2015,Dunkin Donuts $1/2 creamers,Pacific Grove
3165,11/1/2015,Bausch+Lomb $1/1,Sausalito
2608,19-09-2015,Beefsteak 18 oz. breadÿ,
2040,7/10/2015,Best Foods $1/1 mayonnaise squeeze,Klamath Falls
1327,9/8/2015,Axe Hair Care Product,ANTIOCH
3363,7/1/2015,Barbasol $2/1 ultra 3 or ultra 6 plus razor,Santa Clara
1731,9/9/2015,Blue Diamond $1/1 4oz+ almonds can or bag,San Francisco
2760,2/8/2015,Bounty/Charmin $.50/1ÿ,Palo Alto
3120,14-01-2015,Coppertone lotion $3/1,
1332,30-04-2015,Blue Diamond $1/1 4oz+ almonds can or bag,San Jose
4530,12/9/2015,Barabsol $.50/1 10oz shaving cream,Saratoga
3145,23-02-2015,Axe Hair Care Product,San Jose
1099,13-08-2015,Barilla $1/2 Sauce,Livermore
3188,6/12/2015,Best Foods $1/1 mayonnaise squeeze,San Rafael
3748,13-10-2015,Best Foods $1/1 mayonnaise squeeze,Mountain View
4655,31-03-2015,Dinty Moore $1/2ÿ,San Mateo
1827,1/5/2015,Megared $1/1 product,El Cerrito
2485,17-02-2015,Aveeno $1/1 produc,Newark
4683,15-01-2015,Axe Body Spray Product,San Pablo
4358,6/11/2015,Axe Hair Care Product,Concord
1931,9/10/2015,Best Foods $1/1 mayonnaise squeeze,
2490,18-12-2015,Best Foods $1/1 mayonnaise squeeze,
4842,8/12/2015,Dinty Moore $1/2ÿ,San Francisco
4616,1/1/2015,Megared $1/1 product,San Carlos
2810,22-09-2015,Dinty Moore $1/2ÿ,
2785,18-10-2015,Dove Clinical Protection Deodorant Product,San Jose
3591,20-07-2015,Dunkin Donuts $1/2 creamers,Mountain View
3896,10/9/2015,Bausch+Lomb $1/1,Oceanside
3842,1/7/2015,Beefsteak 18 oz. breadÿ,San Jose
2648,10/7/2015,Best Foods $1/1 mayonnaise squeeze,Salinas
4688,2/10/2015,Axe Hair Care Product,Vacaville
3511,26-08-2015,Barbasol $2/1 ultra 3 or ultra 6 plus razor,Oakland
3084,4/9/2015,Blue Diamond $1/1 4oz+ almonds can or bag,San Jose
3810,7/5/2015,Bounty/Charmin $.50/1ÿ,San Leandro
4348,26-02-2015,Coppertone lotion $3/1,Hollister
3584,10/3/2015,Blue Diamond $1/1 4oz+ almonds can or bag,San Francisco
2620,11/6/2015,Barabsol $.50/1 10oz shaving cream,Santa Clara
2716,18-01-2015,Axe Hair Care Product,
3797,10/8/2015,Barilla $1/2 Sauce,San Francisco
2976,2/6/2015,Best Foods $1/1 mayonnaise squeeze,San Mateo
2762,7/11/2015,Irish Spring $1.00/1 bar soap multipack 6ct or largerÿ,Sunnyvale
3752,25-04-2015,Coppertone lotion $3/1,
1659,30-11-2015,Dunkin Donuts $1/2 creamers,Santa Clara
4109,8/2/2015,Farm Rich Bakery item 9.5 oz,San Jose
1542,7/8/2015,Coppertone lotion $3/1,Los Gatos
2068,7/6/2015,Blue Diamond $1/1 4oz+ almonds can or bag,
4509,14-06-2015,Barabsol $.50/1 10oz shaving cream,Santa Clara
4646,14-06-2015,Axe Hair Care Product,
2122,7/4/2015,Barilla $1/2 Sauce,Palo Alto
2730,15-06-2015,Best Foods $1/1 mayonnaise squeeze,Sunnyvale
1800,31-07-2015,Best Foods $1/1 mayonnaise squeeze,Oakland
1456,18-09-2015,Dinty Moore $1/2ÿ,Calistoga
1138,2/9/2015,Megared $1/1 product,San Francisco
4104,12/6/2015,Dinty Moore $1/2ÿ,
4985,28-02-2015,Dove Clinical Protection Deodorant Product,Pleasanton
3181,13-12-2015,Dunkin Donuts $1/2 creamers,Redwood City
3178,21-10-2015,Farm Rich Bakery item 9.5 oz,San Jose
1688,10/11/2015,Fiber One $.50/2 chewy bars,Milpitas
1488,28-11-2015,Indiana Kitchen Baconÿ,Santa Clara
4975,8/5/2015,Irish Spring $1.00/1 bar soap multipack 6ct or largerÿ,Sunnyvale
4697,9/1/2015,L'Oreal $2/1 skincare product ets,
4742,11/1/2015,Megared $1/1 product,
2640,22-04-2015,"Maybelline New York $2/1 brow, shadow or liner productÿ",
2548,25-12-2015,Mitchum antiperspirant/deodorant prod,Saratoga
2825,29-12-2015,L'Oreal $2/1 skincare product ets,
2592,4/7/2015,Farm Rich Bakery item 9.5 oz,San Carlos
3622,28-12-2015,Irish Spring $1.00/1 bar soap multipack 6ct or largerÿ,
4852,21-08-2015,Coppertone lotion $3/1,Redwood City
1839,3/9/2015,Dunkin Donuts $1/2 creamers,San Francisco
2413,4/4/2015,Farm Rich Bakery item 9.5 oz,Sunnyvale
2982,14-06-2015,Coppertone lotion $3/1,San Pablo
1981,31-10-2015,Blue Diamond $1/1 4oz+ almonds can or bag,
4440,21-09-2015,Barabsol $.50/1 10oz shaving cream,Pebble Beach
3497,24-11-2015,Axe Hair Care Product,
3668,18-12-2015,Barilla $1/2 Sauce,San Jose
4460,28-05-2015,Best Foods $1/1 mayonnaise squeeze,San Jose
1335,16-01-2015,Best Foods $1/1 mayonnaise squeeze,Santa Clara
4303,7/12/2015,Dinty Moore $1/2ÿ,San Jose
3508,28-02-2015,Megared $1/1 product,
1959,19-03-2015,Aveeno $1/1 produc,Campbell
3856,6/3/2015,Axe Body Spray Product,Lotus
3141,29-07-2015,Axe Hair Care Product,Santa Clara
4640,25-09-2015,Ban $1/1 roll-on antiperspirant deodorantÿ,San Leandro
4851,25-05-2015,Barabsol $.50/1 10oz shaving cream,Tracy
3306,22-09-2015,Barbasol $2/1 ultra 3 or ultra 6 plus razor,Milpitas
2193,8/4/2015,Barilla $1/2 Sauce,Woodland
1156,13-09-2015,Bausch+Lomb $1/1,Pleasanton
4596,8/4/2015,Beefsteak 18 oz. breadÿ,
1245,8/10/2015,Best Foods $1/1 mayonnaise squeeze,San Jose
1515,5/7/2015,Axe Hair Care Product,San Jose
2564,14-07-2015,Barbasol $2/1 ultra 3 or ultra 6 plus razor,San Jose
4527,18-10-2015,Blue Diamond $1/1 4oz+ almonds can or bag,
2487,9/7/2015,Bounty/Charmin $.50/1ÿ,San Mateo
3420,27-02-2015,Coppertone lotion $3/1,Pleasanton
4442,28-11-2015,Blue Diamond $1/1 4oz+ almonds can or bag,San Jose
3164,30-04-2015,Barabsol $.50/1 10oz shaving cream,San Jose
3601,1/4/2015,Axe Hair Care Product,San Jose
3176,25-05-2015,Barilla $1/2 Sauce,Palo Alto
2568,22-07-2015,Best Foods $1/1 mayonnaise squeeze,Santa Clara
1856,26-10-2015,Coppertone lotion $3/1,Mountain View
3859,30-09-2015,Blue Diamond $1/1 4oz+ almonds can or bag,Las Vegas
1668,21-08-2015,Barabsol $.50/1 10oz shaving cream,San Francisco
4499,23-08-2015,Axe Hair Care Product,Klamath Falls
1753,21-08-2015,Barilla $1/2 Sauce,
3829,25-06-2015,Best Foods $1/1 mayonnaise squeeze,Morgan Hill
4825,8/1/2015,Best Foods $1/1 mayonnaise squeeze,San Jose
3694,10/11/2015,Dinty Moore $1/2ÿ,
4147,2/1/2015,Megared $1/1 product,
2196,9/10/2015,Dinty Moore $1/2ÿ,Woodland
2229,22-05-2015,Dove Clinical Protection Deodorant Product,
4724,3/9/2015,Dunkin Donuts $1/2 creamers,
3066,11/10/2015,Bausch+Lomb $1/1,Palo Alto
1120,8/6/2015,Beefsteak 18 oz. breadÿ,San Jose
4769,22-08-2015,Best Foods $1/1 mayonnaise squeeze,San Carlos
4711,17-09-2015,Axe Hair Care Product,Milpitas
2391,22-06-2015,Barbasol $2/1 ultra 3 or ultra 6 plus razor,Campbell
1216,4/3/2015,Blue Diamond $1/1 4oz+ almonds can or bag,
3154,14-05-2015,Bounty/Charmin $.50/1ÿ,San Jose
3911,30-07-2015,Coppertone lotion $3/1,San Pablo
3111,15-10-2015,Blue Diamond $1/1 4oz+ almonds can or bag,San Jose
1385,26-11-2015,Barabsol $.50/1 10oz shaving cream,Los Gatos
1158,21-03-2015,Axe Hair Care Product,
2733,22-07-2015,Barilla $1/2 Sauce,San Jose
4999,26-12-2015,Best Foods $1/1 mayonnaise squeeze,San Carlos
2882,12/6/2015,Best Foods $1/1 mayonnaise squeeze,
2590,25-06-2015,Dinty Moore $1/2ÿ,San Jose
4249,4/8/2015,Megared $1/1 product,San Jose
3012,3/5/2015,Aveeno $1/1 produc,Mountain View
1533,7/11/2015,Axe Body Spray Product,San Jose
1667,12/1/2015,Axe Hair Care Product,
4323,13-05-2015,Best Foods $1/1 mayonnaise squeeze,San Jose
2087,22-02-2015,Best Foods $1/1 mayonnaise squeeze,San Francisco
1853,31-05-2015,Dinty Moore $1/2ÿ,San Jose
2157,29-10-2015,Megared $1/1 product,Santa Clara
1136,29-10-2015,Dinty Moore $1/2ÿ,San Francisco
2049,7/10/2015,Dove Clinical Protection Deodorant Product,Hollister
3122,2/5/2015,Dunkin Donuts $1/2 creamers,Pleasanton
2245,15-05-2015,Bausch+Lomb $1/1,San Jose
4746,18-10-2015,Beefsteak 18 oz. breadÿ,Livermore
4224,24-02-2015,Best Foods $1/1 mayonnaise squeeze,
4219,19-03-2015,Axe Hair Care Product,Pleasanton
2641,1/1/2015,Barbasol $2/1 ultra 3 or ultra 6 plus razor,San Francisco
3173,25-07-2015,Blue Diamond $1/1 4oz+ almonds can or bag,San Jose
2191,19-10-2015,Bounty/Charmin $.50/1ÿ,Pleasanton
4212,7/4/2015,Coppertone lotion $3/1,Pleasanton
1902,1/12/2015,Blue Diamond $1/1 4oz+ almonds can or bag,Pleasanton
1347,27-03-2015,Barabsol $.50/1 10oz shaving cream,Palo Alto
1578,23-06-2015,Axe Hair Care Product,Pleasanton
1264,23-11-2015,Barilla $1/2 Sauce,San Jose
4632,30-09-2015,Best Foods $1/1 mayonnaise squeeze,Fremont
3452,1/11/2015,Irish Spring $1.00/1 bar soap multipack 6ct or largerÿ,Pacific Grove
4822,10/2/2015,Coppertone lotion $3/1,Sausalito
3987,18-06-2015,Dunkin Donuts $1/2 creamers,
1672,7/10/2015,Farm Rich Bakery item 9.5 oz,Klamath Falls
4864,1/12/2015,Coppertone lotion $3/1,ANTIOCH
3368,9/3/2015,Blue Diamond $1/1 4oz+ almonds can or bag,Santa Clara
1283,22-09-2015,Barabsol $.50/1 10oz shaving cream,San Francisco
4428,28-06-2015,Axe Hair Care Product,Palo Alto
2577,25-10-2015,Barilla $1/2 Sauce,
1973,24-10-2015,Best Foods $1/1 mayonnaise squeeze,San Jose
3284,23-01-2015,Best Foods $1/1 mayonnaise squeeze,Saratoga
1905,19-05-2015,Dinty Moore $1/2ÿ,San Jose
2226,9/3/2015,Megared $1/1 product,Livermore
1932,4/9/2015,Dinty Moore $1/2ÿ,San Rafael
4506,11/8/2015,Dove Clinical Protection Deodorant Product,Mountain View
1843,27-11-2015,Dunkin Donuts $1/2 creamers,San Mateo
3973,27-07-2015,Farm Rich Bakery item 9.5 oz,El Cerrito
1651,28-07-2015,Fiber One $.50/2 chewy bars,Newark
3997,12/10/2015,Indiana Kitchen Baconÿ,San Pablo
4796,25-08-2015,Irish Spring $1.00/1 bar soap multipack 6ct or largerÿ,Concord
1245,24-09-2015,L'Oreal $2/1 skincare product ets,
3579,17-08-2015,Megared $1/1 product,
4387,10/2/2015,"Maybelline New York $2/1 brow, shadow or liner productÿ",San Francisco
2496,29-06-2015,Mitchum antiperspirant/deodorant prod,San Carlos
3590,28-03-2015,L'Oreal $2/1 skincare product ets,
2890,26-04-2015,Farm Rich Bakery item 9.5 oz,San Jose
1401,27-01-2015,Irish Spring $1.00/1 bar soap multipack 6ct or largerÿ,Mountain View
3297,21-05-2015,Coppertone lotion $3/1,Oceanside
2867,23-12-2015,Dunkin Donuts $1/2 creamers,San Jose
1365,20-05-2015,Farm Rich Bakery item 9.5 oz,Salinas
2355,24-07-2015,Coppertone lotion $3/1,Vacaville
1170,19-03-2015,Blue Diamond $1/1 4oz+ almonds can or bag,Oakland
3554,21-03-2015,Barabsol $.50/1 10oz shaving cream,San Jose
4171,26-01-2015,Axe Hair Care Product,San Leandro
3963,17-09-2015,Barilla $1/2 Sauce,Hollister
3076,8/12/2015,Best Foods $1/1 mayonnaise squeeze,San Francisco
1629,17-05-2015,Best Foods $1/1 mayonnaise squeeze,Santa Clara
1366,30-05-2015,Dinty Moore $1/2ÿ,
3677,29-07-2015,Megared $1/1 product,San Francisco
2844,21-05-2015,Aveeno $1/1 produc,San Mateo
4509,28-09-2015,Axe Body Spray Product,Sunnyvale
3245,11/5/2015,Axe Hair Care Product,
2294,22-06-2015,Ban $1/1 roll-on antiperspirant deodorantÿ,Santa Clara
1234,20-11-2015,Barabsol $.50/1 10oz shaving cream,San Jose
3001,24-12-2015,Barbasol $2/1 ultra 3 or ultra 6 plus razor,Los Gatos
3587,5/8/2015,Barilla $1/2 Sauce,
2700,22-01-2015,Bausch+Lomb $1/1,Santa Clara
3838,14-12-2015,Beefsteak 18 oz. breadÿ,
4045,22-12-2015,Best Foods $1/1 mayonnaise squeeze,Palo Alto
1858,25-04-2015,Axe Hair Care Product,Sunnyvale
2280,11/1/2015,Barbasol $2/1 ultra 3 or ultra 6 plus razor,Oakland
2454,6/4/2015,Blue Diamond $1/1 4oz+ almonds can or bag,Calistoga
4437,9/10/2015,Bounty/Charmin $.50/1ÿ,San Francisco
1685,30-03-2015,Coppertone lotion $3/1,
2349,26-02-2015,Blue Diamond $1/1 4oz+ almonds can or bag,Pleasanton
1463,24-12-2015,Barabsol $.50/1 10oz shaving cream,Redwood City
3470,19-02-2015,Axe Hair Care Product,San Jose
4914,29-11-2015,Barabsol $.50/1 10oz shaving cream,Milpitas
2448,31-08-2015,Barbasol $2/1 ultra 3 or ultra 6 plus razor,Santa Clara
3387,10/5/2015,Barilla $1/2 Sauce,Sunnyvale
3167,4/11/2015,Bausch+Lomb $1/1,
3175,17-03-2015,Beefsteak 18 oz. breadÿ,
2678,21-09-2015,Best Foods $1/1 mayonnaise squeeze,
4627,18-12-2015,Axe Hair Care Product,Saratoga
1773,17-10-2015,Barbasol $2/1 ultra 3 or ultra 6 plus razor,
3100,23-05-2015,Blue Diamond $1/1 4oz+ almonds can or bag,San Carlos
3232,29-05-2015,Bounty/Charmin $.50/1ÿ,
3673,12/8/2015,Coppertone lotion $3/1,Redwood City
4068,19-11-2015,Blue Diamond $1/1 4oz+ almonds can or bag,San Francisco
2340,7/10/2015,Barabsol $.50/1 10oz shaving cream,Sunnyvale
1930,1/3/2015,Axe Hair Care Product,San Pablo
3526,2/6/2015,Barilla $1/2 Sauce,
1617,10/2/2015,Best Foods $1/1 mayonnaise squeeze,Pebble Beach
1028,11/7/2015,Best Foods $1/1 mayonnaise squeeze,
4440,1/12/2015,Dinty Moore $1/2ÿ,San Jose
3554,23-07-2015,Megared $1/1 product,San Jose
1632,15-12-2015,Aveeno $1/1 produc,Santa Clara
1429,7/2/2015,Axe Body Spray Product,San Jose
1225,20-05-2015,Axe Hair Care Product,
2509,15-07-2015,Coppertone lotion $3/1,Campbell
4945,2/8/2015,Dunkin Donuts $1/2 creamers,Lotus
4342,18-03-2015,Farm Rich Bakery item 9.5 oz,Santa Clara
1832,28-09-2015,Coppertone lotion $3/1,San Leandro
1518,21-06-2015,Blue Diamond $1/1 4oz+ almonds can or bag,Tracy
1512,20-09-2015,Farm Rich Bakery item 9.5 oz,Milpitas
4818,20-03-2015,Coppertone lotion $3/1,Woodland
4686,19-08-2015,Blue Diamond $1/1 4oz+ almonds can or bag,Pleasanton
4986,1/2/2015,Barabsol $.50/1 10oz shaving cream,
2755,6/2/2015,Axe Hair Care Product,San Jose
4532,29-11-2015,Barilla $1/2 Sauce,San Jose
2070,16-08-2015,Best Foods $1/1 mayonnaise squeeze,San Jose
1894,9/5/2015,Best Foods $1/1 mayonnaise squeeze,
3473,25-01-2015,Dinty Moore $1/2ÿ,San Mateo
2140,28-09-2015,Megared $1/1 product,Pleasanton
3286,23-12-2015,Dinty Moore $1/2ÿ,San Jose
4729,8/4/2015,Dove Clinical Protection Deodorant Product,San Jose
3204,20-02-2015,Dunkin Donuts $1/2 creamers,San Jose
1574,18-04-2015,Farm Rich Bakery item 9.5 oz,Palo Alto
3361,22-07-2015,Fiber One $.50/2 chewy bars,Santa Clara
1776,25-02-2015,Indiana Kitchen Baconÿ,Mountain View
2009,11/10/2015,Irish Spring $1.00/1 bar soap multipack 6ct or largerÿ,Las Vegas
3479,24-03-2015,L'Oreal $2/1 skincare product ets,San Francisco
2394,22-11-2015,Megared $1/1 product,Klamath Falls
1337,25-12-2015,"Maybelline New York $2/1 brow, shadow or liner productÿ",
3574,13-06-2015,Mitchum antiperspirant/deodorant prod,Morgan Hill
1727,18-07-2015,L'Oreal $2/1 skincare product ets,San Jose
1016,5/10/2015,Farm Rich Bakery item 9.5 oz,
4326,21-01-2015,Irish Spring $1.00/1 bar soap multipack 6ct or largerÿ,
2212,22-09-2015,Coppertone lotion $3/1,Woodland
1990,1/8/2015,Dunkin Donuts $1/2 creamers,
3836,6/12/2015,Farm Rich Bakery item 9.5 oz,
4560,1/7/2015,Coppertone lotion $3/1,Palo Alto
1119,4/2/2015,Dunkin Donuts $1/2 creamers,San Jose
1379,18-05-2015,Farm Rich Bakery item 9.5 oz,San Carlos
1658,3/9/2015,Coppertone lotion $3/1,Milpitas
2948,16-06-2015,Blue Diamond $1/1 4oz+ almonds can or bag,Campbell
1273,4/5/2015,Barabsol $.50/1 10oz shaving cream,
1155,27-12-2015,Axe Hair Care Product,San Jose
1672,5/2/2015,Barilla $1/2 Sauce,San Pablo
3841,2/4/2015,Best Foods $1/1 mayonnaise squeeze,San Jose
1683,20-08-2015,Best Foods $1/1 mayonnaise squeeze,Los Gatos
1774,7/8/2015,Dinty Moore $1/2ÿ,
4441,17-06-2015,Megared $1/1 product,San Jose
1929,2/5/2015,Dinty Moore $1/2ÿ,San Carlos
1273,31-01-2015,Dove Clinical Protection Deodorant Product,
2920,11/10/2015,Dunkin Donuts $1/2 creamers,San Jose
2467,18-04-2015,Farm Rich Bakery item 9.5 oz,San Jose
2678,28-11-2015,Fiber One $.50/2 chewy bars,Mountain View
3423,2/6/2015,Indiana Kitchen Baconÿ,San Jose
4223,19-07-2015,Irish Spring $1.00/1 bar soap multipack 6ct or largerÿ,
2846,23-09-2015,Barabsol $.50/1 10oz shaving cream,San Jose
4103,26-07-2015,Barbasol $2/1 ultra 3 or ultra 6 plus razor,San Francisco
4789,2/5/2015,Barilla $1/2 Sauce,San Jose
4916,26-02-2015,Bausch+Lomb $1/1,Santa Clara
2518,3/5/2015,Beefsteak 18 oz. breadÿ,San Francisco
2622,7/3/2015,Best Foods $1/1 mayonnaise squeeze,Hollister
4321,29-01-2015,Axe Hair Care Product,Pleasanton
2050,28-06-2015,Barbasol $2/1 ultra 3 or ultra 6 plus razor,San Jose
2146,20-06-2015,Blue Diamond $1/1 4oz+ almonds can or bag,Livermore
3938,26-05-2015,Bounty/Charmin $.50/1ÿ,
1636,19-09-2015,Coppertone lotion $3/1,Pleasanton
4694,29-07-2015,Blue Diamond $1/1 4oz+ almonds can or bag,San Francisco
2432,7/7/2015,Barabsol $.50/1 10oz shaving cream,San Jose
4937,18-05-2015,Axe Hair Care Product,Pleasanton
1293,1/3/2015,Barilla $1/2 Sauce,Pleasanton
2883,17-02-2015,Best Foods $1/1 mayonnaise squeeze,Pleasanton
2267,30-01-2015,Best Foods $1/1 mayonnaise squeeze,Palo Alto
3997,9/6/2015,Dinty Moore $1/2ÿ,Pleasanton
4792,20-07-2015,Megared $1/1 product,San Jose
2292,25-03-2015,Aveeno $1/1 produc,Fremont
1018,23-05-2015,Axe Body Spray Product,Pacific Grove
4922,13-02-2015,Axe Hair Care Product,Sausalito
3151,25-09-2015,Best Foods $1/1 mayonnaise squeeze,
2517,4/7/2015,Best Foods $1/1 mayonnaise squeeze,Klamath Falls
1499,17-05-2015,Dinty Moore $1/2ÿ,ANTIOCH
4993,21-01-2015,Megared $1/1 product,Santa Clara
1606,11/11/2015,Dinty Moore $1/2ÿ,San Francisco
2918,10/8/2015,Dove Clinical Protection Deodorant Product,Palo Alto
1815,13-01-2015,Dunkin Donuts $1/2 creamers,
4524,5/7/2015,Bausch+Lomb $1/1,San Jose
1395,11/6/2015,Beefsteak 18 oz. breadÿ,Saratoga
3456,16-06-2015,Best Foods $1/1 mayonnaise squeeze,San Jose
1597,5/2/2015,Axe Hair Care Product,Livermore
2315,2/5/2015,Barbasol $2/1 ultra 3 or ultra 6 plus razor,San Rafael
4095,29-09-2015,Blue Diamond $1/1 4oz+ almonds can or bag,Mountain View
3680,24-11-2015,Bounty/Charmin $.50/1ÿ,San Mateo
2847,23-11-2015,Coppertone lotion $3/1,El Cerrito
3426,25-10-2015,Blue Diamond $1/1 4oz+ almonds can or bag,Newark
4750,4/8/2015,Barabsol $.50/1 10oz shaving cream,San Pablo
1384,9/8/2015,Axe Hair Care Product,Concord
3120,9/8/2015,Barilla $1/2 Sauce,
1081,25-04-2015,Best Foods $1/1 mayonnaise squeeze,
1171,5/5/2015,Irish Spring $1.00/1 bar soap multipack 6ct or largerÿ,San Francisco
4932,8/7/2015,Coppertone lotion $3/1,San Carlos
4189,11/9/2015,Dunkin Donuts $1/2 creamers,
4455,9/9/2015,Farm Rich Bakery item 9.5 oz,San Jose
2928,11/2/2015,Coppertone lotion $3/1,Mountain View
4817,18-03-2015,Blue Diamond $1/1 4oz+ almonds can or bag,Oceanside
4257,28-06-2015,Barabsol $.50/1 10oz shaving cream,San Jose
4254,20-07-2015,Axe Hair Care Product,Salinas
4071,19-09-2015,Barilla $1/2 Sauce,Vacaville
2109,28-10-2015,Best Foods $1/1 mayonnaise squeeze,Oakland
1412,5/7/2015,Best Foods $1/1 mayonnaise squeeze,San Jose
4088,23-09-2015,Dinty Moore $1/2ÿ,San Leandro
4056,20-10-2015,Megared $1/1 product,Hollister
4441,5/5/2015,Dinty Moore $1/2ÿ,San Francisco
4363,1/7/2015,Dove Clinical Protection Deodorant Product,Santa Clara
2107,27-11-2015,Dunkin Donuts $1/2 creamers,
2941,23-02-2015,Farm Rich Bakery item 9.5 oz,San Francisco
1497,26-07-2015,Fiber One $.50/2 chewy bars,San Mateo
2211,1/1/2015,Indiana Kitchen Baconÿ,Sunnyvale
3510,2/1/2015,Irish Spring $1.00/1 bar soap multipack 6ct or largerÿ,
4074,27-05-2015,L'Oreal $2/1 skincare product ets,Santa Clara
3190,21-11-2015,Megared $1/1 product,San Jose
2297,1/3/2015,"Maybelline New York $2/1 brow, shadow or liner productÿ",Los Gatos
3311,1/7/2015,Mitchum antiperspirant/deodorant prod,
3085,21-01-2015,L'Oreal $2/1 skincare product ets,Santa Clara
3693,16-11-2015,Farm Rich Bakery item 9.5 oz,
4859,7/7/2015,Irish Spring $1.00/1 bar soap multipack 6ct or largerÿ,Palo Alto
2125,25-06-2015,Coppertone lotion $3/1,Sunnyvale
2261,4/4/2015,Dunkin Donuts $1/2 creamers,Oakland
3679,27-11-2015,Farm Rich Bakery item 9.5 oz,Calistoga
4165,18-08-2015,Coppertone lotion $3/1,San Francisco
3538,1/3/2015,Blue Diamond $1/1 4oz+ almonds can or bag,
3913,19-02-2015,Barabsol $.50/1 10oz shaving cream,Pleasanton
2336,14-04-2015,Axe Hair Care Product,Redwood City
3549,1/8/2015,Barilla $1/2 Sauce,San Jose
4434,21-09-2015,Best Foods $1/1 mayonnaise squeeze,Milpitas
2854,8/2/2015,Best Foods $1/1 mayonnaise squeeze,Santa Clara
3413,8/2/2015,Dinty Moore $1/2ÿ,Sunnyvale
1780,13-10-2015,Megared $1/1 product,
2899,6/9/2015,Aveeno $1/1 produc,
2106,13-08-2015,Axe Body Spray Product,
3929,30-07-2015,Axe Hair Care Product,Saratoga
3857,1/10/2015,Ban $1/1 roll-on antiperspirant deodorantÿ,
4459,18-12-2015,Barabsol $.50/1 10oz shaving cream,San Carlos
4551,28-07-2015,Barbasol $2/1 ultra 3 or ultra 6 plus razor,
4042,17-12-2015,Barilla $1/2 Sauce,Redwood City
2599,6/5/2015,Bausch+Lomb $1/1,San Francisco
1045,25-11-2015,Beefsteak 18 oz. breadÿ,Sunnyvale
4677,24-01-2015,Best Foods $1/1 mayonnaise squeeze,San Pablo
1580,14-06-2015,Axe Hair Care Product,
3269,7/10/2015,Barbasol $2/1 ultra 3 or ultra 6 plus razor,Pebble Beach
4368,29-01-2015,Blue Diamond $1/1 4oz+ almonds can or bag,
1111,20-11-2015,Bounty/Charmin $.50/1ÿ,San Jose
4841,13-09-2015,Coppertone lotion $3/1,San Jose
3047,7/9/2015,Blue Diamond $1/1 4oz+ almonds can or bag,Santa Clara
4349,14-03-2015,Barabsol $.50/1 10oz shaving cream,San Jose
3580,24-11-2015,Axe Hair Care Product,
2370,18-07-2015,Barabsol $.50/1 10oz shaving cream,Campbell
3094,28-06-2015,Barbasol $2/1 ultra 3 or ultra 6 plus razor,Lotus
1146,12/9/2015,Barilla $1/2 Sauce,Santa Clara
2287,16-12-2015,Bausch+Lomb $1/1,San Leandro
3911,23-08-2015,Beefsteak 18 oz. breadÿ,Tracy
4891,19-04-2015,Best Foods $1/1 mayonnaise squeeze,Milpitas
4837,2/12/2015,Axe Hair Care Product,Woodland
4464,21-10-2015,Barbasol $2/1 ultra 3 or ultra 6 plus razor,Pleasanton
2940,18-10-2015,Blue Diamond $1/1 4oz+ almonds can or bag,
4972,6/2/2015,Bounty/Charmin $.50/1ÿ,San Jose
4890,3/7/2015,Coppertone lotion $3/1,San Jose
4295,17-07-2015,Blue Diamond $1/1 4oz+ almonds can or bag,San Jose
2729,24-09-2015,Barabsol $.50/1 10oz shaving cream,
1125,19-11-2015,Axe Hair Care Product,San Mateo
1850,11/1/2015,Barilla $1/2 Sauce,Pleasanton
2928,22-09-2015,Best Foods $1/1 mayonnaise squeeze,San Jose
3717,30-05-2015,Best Foods $1/1 mayonnaise squeeze,San Jose
3809,24-03-2015,Dinty Moore $1/2ÿ,San Jose
3437,2/2/2015,Megared $1/1 product,Palo Alto
1481,17-01-2015,Aveeno $1/1 produc,Santa Clara
1050,4/5/2015,Axe Body Spray Product,Mountain View
2918,16-03-2015,Axe Hair Care Product,Las Vegas
4499,8/8/2015,Coppertone lotion $3/1,San Francisco
4117,6/1/2015,Dunkin Donuts $1/2 creamers,Klamath Falls
1630,22-05-2015,Farm Rich Bakery item 9.5 oz,
3715,11/5/2015,Coppertone lotion $3/1,Morgan Hill
3512,17-11-2015,Blue Diamond $1/1 4oz+ almonds can or bag,San Jose
1197,27-04-2015,Farm Rich Bakery item 9.5 oz,
3958,4/3/2015,Coppertone lotion $3/1,
4890,14-09-2015,Blue Diamond $1/1 4oz+ almonds can or bag,Woodland
3112,19-05-2015,Barabsol $.50/1 10oz shaving cream,
4502,22-11-2015,Axe Hair Care Product,
4719,1/6/2015,Barilla $1/2 Sauce,Palo Alto
1516,28-01-2015,Best Foods $1/1 mayonnaise squeeze,San Jose
4281,18-10-2015,Best Foods $1/1 mayonnaise squeeze,San Carlos
1566,30-04-2015,Dinty Moore $1/2ÿ,Milpitas
4641,29-11-2015,Megared $1/1 product,Campbell
2561,26-02-2015,Dinty Moore $1/2ÿ,
2344,17-12-2015,Dove Clinical Protection Deodorant Product,San Jose
2643,21-04-2015,Dunkin Donuts $1/2 creamers,San Pablo
3236,9/4/2015,Farm Rich Bakery item 9.5 oz,San Jose
4863,30-12-2015,Fiber One $.50/2 chewy bars,Los Gatos
2264,12/1/2015,Indiana Kitchen Baconÿ,
3168,20-03-2015,Irish Spring $1.00/1 bar soap multipack 6ct or largerÿ,San Jose
1282,18-11-2015,L'Oreal $2/1 skincare product ets,San Carlos
2832,2/11/2015,Megared $1/1 product,
3067,27-11-2015,"Maybelline New York $2/1 brow, shadow or liner productÿ",San Jose
1847,17-04-2015,Mitchum antiperspirant/deodorant prod,San Jose
3525,14-02-2015,L'Oreal $2/1 skincare product ets,Mountain View
1231,14-10-2015,Farm Rich Bakery item 9.5 oz,San Jose
3471,28-03-2015,Irish Spring $1.00/1 bar soap multipack 6ct or largerÿ,
2421,22-11-2015,Coppertone lotion $3/1,San Jose
4092,14-06-2015,Dunkin Donuts $1/2 creamers,San Francisco
1577,16-03-2015,Farm Rich Bakery item 9.5 oz,San Jose
3463,13-06-2015,Coppertone lotion $3/1,Santa Clara
3518,1/8/2015,Dunkin Donuts $1/2 creamers,San Francisco
4325,14-10-2015,Farm Rich Bakery item 9.5 oz,Hollister
4947,18-11-2015,Coppertone lotion $3/1,Pleasanton
2194,11/1/2015,Blue Diamond $1/1 4oz+ almonds can or bag,San Jose
2868,20-03-2015,Barabsol $.50/1 10oz shaving cream,Livermore
3211,30-09-2015,Axe Hair Care Product,
4537,1/1/2015,Barilla $1/2 Sauce,Pleasanton
2243,15-09-2015,Best Foods $1/1 mayonnaise squeeze,San Francisco
2399,21-01-2015,Best Foods $1/1 mayonnaise squeeze,San Jose
4133,22-01-2015,Dinty Moore $1/2ÿ,Pleasanton
2937,17-06-2015,Megared $1/1 product,Pleasanton
2485,17-02-2015,Aveeno $1/1 produc,Pleasanton
4683,15-01-2015,Axe Body Spray Product,Palo Alto
4358,6/11/2015,Axe Hair Care Product,Pleasanton
1931,9/10/2015,Best Foods $1/1 mayonnaise squeeze,San Jose
2490,18-12-2015,Best Foods $1/1 mayonnaise squeeze,Fremont
4842,8/12/2015,Dinty Moore $1/2ÿ,Pacific Grove
4616,1/1/2015,Megared $1/1 product,Sausalito
2810,22-09-2015,Dinty Moore $1/2ÿ,
2785,18-10-2015,Dove Clinical Protection Deodorant Product,Klamath Falls
3591,20-07-2015,Dunkin Donuts $1/2 creamers,ANTIOCH
3896,10/9/2015,Bausch+Lomb $1/1,Santa Clara
3842,1/7/2015,Beefsteak 18 oz. breadÿ,San Francisco
2648,10/7/2015,Best Foods $1/1 mayonnaise squeeze,Palo Alto
4688,2/10/2015,Axe Hair Care Product,
3511,26-08-2015,Barbasol $2/1 ultra 3 or ultra 6 plus razor,San Jose
3084,4/9/2015,Blue Diamond $1/1 4oz+ almonds can or bag,Saratoga
3810,7/5/2015,Bounty/Charmin $.50/1ÿ,San Jose
4348,26-02-2015,Coppertone lotion $3/1,Livermore
3584,10/3/2015,Blue Diamond $1/1 4oz+ almonds can or bag,San Rafael
2620,11/6/2015,Barabsol $.50/1 10oz shaving cream,Mountain View
2716,18-01-2015,Axe Hair Care Product,San Mateo
3797,10/8/2015,Barilla $1/2 Sauce,El Cerrito
2976,2/6/2015,Best Foods $1/1 mayonnaise squeeze,Newark
2762,7/11/2015,Irish Spring $1.00/1 bar soap multipack 6ct or largerÿ,San Pablo
3752,25-04-2015,Coppertone lotion $3/1,Concord
